{
  "iteration": 500,
  "timestamp": "2026-03-10 13:11:59",
  "agents": [
    {
      "agent_id": 0,
      "fitness": 0.9442,
      "scramble_len": 21,
      "exploit_count": 8,
      "iter_count": 500,
      "avg_steps_recent": 15.01,
      "hyperparams": {
        "lr": 0.000429,
        "c_puct": 3.0,
        "value_weight": 3.668596,
        "policy_weight": 1.024,
        "dirichlet_alpha": 0.15,
        "dirichlet_eps": 0.2,
        "step_penalty": 0.007291,
        "entropy_coeff": 0.001187
      },
      "fitness_history": [
        0.88,
        0.91,
        0.875,
        0.9,
        0.855,
        0.895,
        0.905,
        0.895,
        0.845,
        0.91,
        0.905,
        0.865,
        0.885,
        0.925,
        0.875
      ],
      "loss_history": [
        0.7355,
        0.7412,
        0.6961,
        0.6754,
        0.6967,
        0.6992,
        0.6795,
        0.6961,
        0.6938,
        0.6949,
        0.6921,
        0.675,
        0.68,
        0.7007,
        0.688,
        0.684,
        0.6946,
        0.6991,
        0.6851,
        0.6957
      ]
    },
    {
      "agent_id": 1,
      "fitness": 0.9731,
      "scramble_len": 22,
      "exploit_count": 7,
      "iter_count": 500,
      "avg_steps_recent": 14.82,
      "hyperparams": {
        "lr": 0.000358,
        "c_puct": 3.0,
        "value_weight": 5.0,
        "policy_weight": 1.28,
        "dirichlet_alpha": 0.18,
        "dirichlet_eps": 0.25,
        "step_penalty": 0.019368,
        "entropy_coeff": 0.001484
      },
      "fitness_history": [
        0.925,
        0.935,
        0.935,
        0.895,
        0.89,
        0.935,
        0.91,
        0.92,
        0.935,
        0.925,
        0.92,
        0.89,
        0.9,
        0.94,
        0.91
      ],
      "loss_history": [
        0.927,
        0.9376,
        0.963,
        0.94,
        0.9504,
        0.9523,
        0.9198,
        0.9362,
        0.9513,
        0.9735,
        0.9452,
        0.9267,
        0.9513,
        0.9407,
        0.9411,
        0.9428,
        0.9687,
        0.9753,
        0.9314,
        0.9347
      ]
    },
    {
      "agent_id": 2,
      "fitness": 0.9585,
      "scramble_len": 21,
      "exploit_count": 4,
      "iter_count": 500,
      "avg_steps_recent": 14.76,
      "hyperparams": {
        "lr": 0.000429,
        "c_puct": 3.0,
        "value_weight": 4.0,
        "policy_weight": 1.536,
        "dirichlet_alpha": 0.216,
        "dirichlet_eps": 0.25,
        "step_penalty": 0.023241,
        "entropy_coeff": 0.001187
      },
      "fitness_history": [
        0.915,
        0.915,
        0.945,
        0.91,
        0.905,
        0.96,
        0.915,
        0.92,
        0.885,
        0.905,
        0.905,
        0.925,
        0.915,
        0.91,
        0.925
      ],
      "loss_history": [
        1.0809,
        1.0696,
        1.0694,
        1.059,
        1.0676,
        1.0825,
        1.0645,
        1.0563,
        1.0703,
        1.083,
        1.055,
        1.0661,
        1.0678,
        1.0865,
        1.0819,
        1.0714,
        1.064,
        1.0706,
        1.0975,
        1.0773
      ]
    },
    {
      "agent_id": 3,
      "fitness": 0.9731,
      "scramble_len": 22,
      "exploit_count": 8,
      "iter_count": 500,
      "avg_steps_recent": 14.83,
      "hyperparams": {
        "lr": 0.000286,
        "c_puct": 3.0,
        "value_weight": 5.0,
        "policy_weight": 1.536,
        "dirichlet_alpha": 0.216,
        "dirichlet_eps": 0.25,
        "step_penalty": 0.023241,
        "entropy_coeff": 0.001187
      },
      "fitness_history": [
        0.925,
        0.935,
        0.935,
        0.895,
        0.89,
        0.935,
        0.91,
        0.935,
        0.925,
        0.875,
        0.935,
        0.9,
        0.92,
        0.925,
        0.925
      ],
      "loss_history": [
        1.1439,
        1.1689,
        1.1393,
        1.1334,
        1.1188,
        1.1343,
        1.1493,
        1.1362,
        1.153,
        1.1501,
        1.1406,
        1.1542,
        1.123,
        1.1374,
        1.1113,
        1.0695,
        1.0649,
        1.0757,
        1.0814,
        1.0626
      ]
    },
    {
      "agent_id": 4,
      "fitness": 0.9424,
      "scramble_len": 20,
      "exploit_count": 7,
      "iter_count": 500,
      "avg_steps_recent": 14.87,
      "hyperparams": {
        "lr": 0.0005,
        "c_puct": 2.961942,
        "value_weight": 3.544485,
        "policy_weight": 2.0,
        "dirichlet_alpha": 0.15,
        "dirichlet_eps": 0.25,
        "step_penalty": 0.020175,
        "entropy_coeff": 0.001546
      },
      "fitness_history": [
        0.915,
        0.935,
        0.885,
        0.935,
        0.91,
        0.885,
        0.97,
        0.89,
        0.925,
        0.895,
        0.87,
        0.92,
        0.92,
        0.905,
        0.94
      ],
      "loss_history": [
        1.364,
        1.3957,
        1.385,
        1.392,
        1.3763,
        1.3723,
        1.3405,
        1.3939,
        1.3709,
        1.3438,
        1.3719,
        1.3446,
        1.373,
        1.3553,
        1.3616,
        1.3986,
        1.3939,
        1.3433,
        1.3453,
        1.3643
      ]
    },
    {
      "agent_id": 5,
      "fitness": 0.942,
      "scramble_len": 20,
      "exploit_count": 7,
      "iter_count": 500,
      "avg_steps_recent": 14.86,
      "hyperparams": {
        "lr": 0.0005,
        "c_puct": 3.0,
        "value_weight": 3.402706,
        "policy_weight": 1.92,
        "dirichlet_alpha": 0.18,
        "dirichlet_eps": 0.25,
        "step_penalty": 0.012912,
        "entropy_coeff": 0.001484
      },
      "fitness_history": [
        0.885,
        0.89,
        0.92,
        0.915,
        0.92,
        0.905,
        0.915,
        0.925,
        0.935,
        0.9,
        0.92,
        0.895,
        0.92,
        0.945,
        0.9
      ],
      "loss_history": [
        1.3402,
        1.315,
        1.3117,
        1.3326,
        1.2949,
        1.3252,
        1.3345,
        1.3401,
        1.3307,
        1.2995,
        1.3054,
        1.3086,
        1.2994,
        1.2883,
        1.2953,
        1.3087,
        1.2939,
        1.3026,
        1.2878,
        1.2809
      ]
    }
  ]
}